vowel,word,trial,time_index,v_time,time_abs,F1,F2,F3
u,лук,1,1,0,1.827655217306722,390.8567728591339,956.6307508994079,2926.832537954733
u,лук,1,2,0.006886808908288621,1.8345420262150105,404.36321139484295,946.5046543063337,2920.562269591841
u,лук,1,3,0.013773617816577242,1.8414288351232992,407.99910449566227,929.1932224814849,2889.4470484809585
u,лук,1,4,0.020660426724865864,1.8483156440315878,405.50775473693267,897.6075461850365,2793.50899856053
u,лук,1,5,0.027547235633154483,1.8552024529398765,397.6545748447227,836.1719010509181,2754.929200953102
u,лук,1,6,0.0344340445414431,1.862089261848165,381.7374907666002,767.1066076676649,2760.245532651684
u,лук,1,7,0.04132085344973173,1.8689760707564538,361.4000801033664,723.4304266338357,2723.4783571160656
u,лук,1,8,0.04820766235802035,1.8758628796647423,336.46862571348265,687.3164259900016,2643.4747270290786
u,лук,1,9,0.05509447126630897,1.882749688573031,308.5599832354478,660.5368321118856,2506.150089721963
u,лук,1,10,0.061981280174597586,1.8896364974813196,292.25400307631816,645.9516217089853,2451.357787209887
u,лук,2,1,0,3.1511378469172477,356.06682373108384,839.1355481541847,2874.8779363829617
u,лук,2,2,0.012095794786972449,3.1632336417042204,353.47715054243616,733.5607598201526,2911.166129516535
u,лук,2,3,0.024191589573944898,3.1753294364911926,340.24226463469995,676.7511962025706,2850.5635664423407
u,лук,2,4,0.036287384360917344,3.1874252312781652,345.48501950895786,645.717284557773,2755.881129249032
u,лук,2,5,0.048383179147889796,3.1995210260651374,383.5521247286028,535.9170969861584,2403.96860006123
u,лук,2,6,0.06047897393486225,3.21161682085211,356.0191860733822,490.7973426665856,2566.1538135610817
u,лук,2,7,0.07257476872183469,3.2237126156390823,337.84066386693775,1144.6828161416383,2837.599564483022
u,лук,2,8,0.08467056350880714,3.235808410426055,312.4293882255918,2050.7553318492887,3009.0345904850255
u,лук,2,9,0.09676635829577959,3.247904205213027,226.63802730298275,1448.8224767458662,2746.045880875281
u,лук,2,10,0.10886215308275204,3.26,256.59824681209983,1823.9774640466605,2882.076863903854
u,лук,3,1,0,4.500142180129079,309.31546361930776,803.594161017106,2583.191310891147
u,лук,3,2,0.010127660159247931,4.510269840288327,293.1436557111746,759.0832983580855,2751.562748999232
u,лук,3,3,0.020255320318495862,4.520397500447575,283.6372498210681,741.8147106572695,2787.010323636784
u,лук,3,4,0.030382980477743793,4.530525160606823,277.14385476698993,733.9607809240549,2761.608479109372
u,лук,3,5,0.040510640636991724,4.540652820766071,274.40473225201225,726.3773762094422,2675.9895976461307
u,лук,3,6,0.050638300796239655,4.550780480925319,280.5177237736477,693.8812895538997,2689.7452850754094
u,лук,3,7,0.060765960955487586,4.560908141084567,291.00735576914565,841.8088154061609,2617.863461786908
u,лук,3,8,0.07089362111473552,4.571035801243815,282.9739667162994,683.4101011586106,2465.118782769982
u,лук,3,9,0.08102128127398345,4.5811634614030625,268.9834811192698,1369.0537314124222,2721.72131064547
u,лук,3,10,0.09114894143323138,4.5912911215623105,258.1684037697061,2104.2769333266124,2998.5684552407906
e,мел,1,1,0,7.07,420.87517985188,2564.9869445437366,3261.7849586597276
e,мел,1,2,0.01555555555555552,7.085555555555556,437.0988249859596,2590.620895457628,3322.8441564748696
e,мел,1,3,0.03111111111111104,7.101111111111111,444.94711668080015,2595.5410105557808,3190.884791310251
e,мел,1,4,0.046666666666666565,7.116666666666667,449.94213488265797,2461.433675021824,3054.034920819387
e,мел,1,5,0.06222222222222208,7.1322222222222225,454.1619347595029,2403.897786916352,2996.3481440759897
e,мел,1,6,0.0777777777777776,7.147777777777778,478.11585050761903,2210.4979433603557,2910.703641518334
e,мел,1,7,0.09333333333333313,7.163333333333333,542.2424389375716,1947.6946745331222,2905.5826742525537
e,мел,1,8,0.10888888888888865,7.178888888888889,617.4812204105003,1697.08620614578,3002.252868992085
e,мел,1,9,0.12444444444444416,7.194444444444445,614.216318249601,1507.046780636117,3061.7146255399016
e,мел,1,10,0.13999999999999968,7.21,469.6758248549118,606.3847251491173,1643.9326621753808
e,мел,2,1,0,8.329457182507587,434.0346695426402,2385.7574637606695,3311.1317467820886
e,мел,2,2,0.01228253527693468,8.341739717784522,447.5413965368732,2371.092820324121,3268.261015991502
e,мел,2,3,0.02456507055386936,8.354022253061457,447.89122173069035,2363.0235662272166,3176.0167937055903
e,мел,2,4,0.03684760583080404,8.366304788338391,456.73495238227173,2314.925297601074,3070.9142197939354
e,мел,2,5,0.04913014110773872,8.378587323615326,482.82398345088274,2218.2866980207696,3024.772554839661
e,мел,2,6,0.061412676384673404,8.39086985889226,530.4682261567286,2116.693740378074,2869.2439737667023
e,мел,2,7,0.07369521166160808,8.403152394169195,585.7665144839833,1920.9530013214517,2609.7961988140414
e,мел,2,8,0.08597774693854277,8.41543492944613,591.2746145119006,1770.722305585794,2548.6034761446344
e,мел,2,9,0.09826028221547745,8.427717464723065,592.9953640829938,1689.4608048913462,2513.374725294172
e,мел,2,10,0.11054281749241213,8.44,496.31264289947774,1316.6966875351904,2783.9587595307476
e,мел,3,1,0,9.58,380.1722082592243,1566.4317128280782,2878.482528145572
e,мел,3,2,0.016666666666666705,9.596666666666668,396.37214412881065,2593.002868329434,3319.1000443403664
e,мел,3,3,0.03333333333333341,9.613333333333333,407.37856764018164,2621.9465386603797,3274.675205109386
e,мел,3,4,0.050000000000000114,9.63,409.3429427378472,2627.5685563053758,3270.244223614902
e,мел,3,5,0.06666666666666682,9.646666666666667,417.5877136967663,2582.901098781569,2968.971800812427
e,мел,3,6,0.08333333333333352,9.663333333333334,410.6856594021373,2425.3097881372514,2904.363985157834
e,мел,3,7,0.10000000000000023,9.68,427.29126295780367,2208.4661958418005,2834.1673585559174
e,мел,3,8,0.11666666666666693,9.696666666666667,474.9848404971215,1763.1188983808215,2784.2983836031945
e,мел,3,9,0.13333333333333364,9.713333333333333,526.2184182872056,1645.0965942233702,2664.7809622247314
e,мел,3,10,0.15000000000000036,9.73,487.5056822993615,1475.4636678080813,2658.7611877673085
u,тюк,1,1,0,11.51,321.4914713307819,1732.9524724706632,2317.338516824927
u,тюк,1,2,0.011111111111111072,11.52111111111111,347.98578860711257,1554.2905017284384,2295.3855947141983
u,тюк,1,3,0.022222222222222143,11.532222222222222,378.8818753413681,1419.3858106455436,2296.3725302064795
u,тюк,1,4,0.033333333333333215,11.543333333333333,393.8032162553847,1198.0310775567118,2299.765114096232
u,тюк,1,5,0.04444444444444429,11.554444444444444,389.2903045019732,1003.6277730229006,2326.9054152931876
u,тюк,1,6,0.05555555555555536,11.565555555555555,375.7341238275622,786.48940424008,2287.846667221551
u,тюк,1,7,0.06666666666666643,11.576666666666666,306.7636254642366,737.7316090632187,2258.2198127238453
u,тюк,1,8,0.0777777777777775,11.587777777777777,401.1491779092227,1523.5214848953729,2843.609544375905
u,тюк,1,9,0.08888888888888857,11.598888888888888,400.9082413318334,1851.0208272046407,2841.76357492953
u,тюк,1,10,0.09999999999999964,11.61,259.17126005744217,1441.9745932859914,2313.0796116489846
u,тюк,2,1,0,12.83,317.6952795826591,1816.223774358185,2383.2719896913663
u,тюк,2,2,0.00777777777777781,12.837777777777777,313.1964449940516,1521.4179265611626,2269.029690601045
u,тюк,2,3,0.01555555555555562,12.845555555555556,326.23709230663565,1375.2883934136942,2335.8916076199525
u,тюк,2,4,0.023333333333333428,12.853333333333333,346.33728766717104,1283.888683066917,2363.447738688731
u,тюк,2,5,0.03111111111111124,12.86111111111111,358.0469378021095,1134.054151870131,2289.5117509815213
u,тюк,2,6,0.03888888888888905,12.86888888888889,357.7876434134506,1013.3398901793486,2301.089106971126
u,тюк,2,7,0.046666666666666856,12.876666666666667,343.2512260746347,888.4628656595319,2352.0061828664443
u,тюк,2,8,0.05444444444444467,12.884444444444444,328.6622973874411,837.813906059113,2403.0914184391986
u,тюк,2,9,0.06222222222222248,12.892222222222223,322.4272804591794,762.437505255061,2459.900063677265
u,тюк,2,10,0.07000000000000028,12.9,295.6442232472417,735.036843936295,2465.8790893816295
u,тюк,3,1,0,14.19,314.50505936258975,1748.3609034331932,2410.9644157824614
u,тюк,3,2,0.00777777777777781,14.197777777777777,317.42822350654177,1527.1799012802353,2118.150293937022
u,тюк,3,3,0.01555555555555562,14.205555555555556,335.851499635721,1405.7458493331972,2066.8786028967957
u,тюк,3,4,0.023333333333333428,14.213333333333333,346.6664096955027,1290.639047804511,2135.794367594143
u,тюк,3,5,0.03111111111111124,14.22111111111111,358.9697446515894,1051.3039069750243,2230.1498524286453
u,тюк,3,6,0.03888888888888905,14.22888888888889,362.2896280346826,982.7236621315194,2318.7759038264962
u,тюк,3,7,0.046666666666666856,14.236666666666666,346.0620126303354,828.7105029131637,2368.1257927985325
u,тюк,3,8,0.05444444444444467,14.244444444444444,325.977379041737,664.9709026254156,2425.789985877318
u,тюк,3,9,0.06222222222222248,14.252222222222223,264.6515431207794,840.0710134218027,2441.9032381686425
u,тюк,3,10,0.07000000000000028,14.26,294.5533423917543,921.3339642749435,2381.1919119374106
ɵ,лёд,1,1,0,15.85,420.38596448265764,1813.144126473972,2453.3760625128575
ɵ,лёд,1,2,0.02222222222222234,15.872222222222222,411.53008780670245,1443.2938121514435,2411.7750862786124
ɵ,лёд,1,3,0.04444444444444468,15.894444444444444,405.5340039770495,1150.683881485575,2448.1395274708652
ɵ,лёд,1,4,0.06666666666666703,15.916666666666666,392.9076537835605,975.4559749069624,2584.797955552244
ɵ,лёд,1,5,0.08888888888888936,15.938888888888888,404.8397907909529,962.1714120366705,2598.4923808450503
ɵ,лёд,1,6,0.1111111111111117,15.961111111111112,423.5488691944724,980.0255486551827,2618.134947746908
ɵ,лёд,1,7,0.13333333333333405,15.983333333333334,462.95765331713477,1157.6001070652326,2566.579869796052
ɵ,лёд,1,8,0.1555555555555564,16.005555555555556,487.80535208677065,1410.8089812822411,2747.9690595874013
ɵ,лёд,1,9,0.17777777777777873,16.02777777777778,432.78769986641885,1549.089751798738,2786.4019563106194
ɵ,лёд,1,10,0.20000000000000107,16.05,346.85871556821445,1575.41764025444,2801.1034637370267
ɵ,лёд,2,1,0,17.08,410.0212631049811,1643.9359213845842,2473.645468193746
ɵ,лёд,2,2,0.025555555555555602,17.105555555555554,402.6891283046723,1391.8653208238027,2469.2647761170792
ɵ,лёд,2,3,0.051111111111111204,17.13111111111111,395.31488483468223,1060.6524257539174,2601.395123091232
ɵ,лёд,2,4,0.0766666666666668,17.156666666666666,380.3935888890535,961.2843011708828,2552.997112725549
ɵ,лёд,2,5,0.10222222222222241,17.182222222222222,380.5262094810135,960.3743730261026,2572.419493008621
ɵ,лёд,2,6,0.12777777777777802,17.207777777777775,388.9477312504117,1006.391673867714,2440.9651445231034
ɵ,лёд,2,7,0.1533333333333336,17.23333333333333,397.80020721576943,1158.636761039325,2555.049149254741
ɵ,лёд,2,8,0.1788888888888892,17.258888888888887,421.49678603960433,1363.8346677080824,2791.8198037854604
ɵ,лёд,2,9,0.20444444444444482,17.284444444444443,395.9060502280409,1519.5874179210364,2800.8105200139466
ɵ,лёд,2,10,0.23000000000000043,17.31,333.8904844703481,1681.1399505287477,2867.3621791291403
ɵ,лёд,3,1,0,18.38,413.6525355631539,1611.17676856719,2449.4393922958416
ɵ,лёд,3,2,0.022222222222222143,18.40222222222222,407.5859645544113,1399.1724808788638,2472.908570940873
ɵ,лёд,3,3,0.04444444444444429,18.424444444444443,394.0122766262309,1152.2602500302673,2634.716037336448
ɵ,лёд,3,4,0.06666666666666643,18.446666666666665,392.37434179659994,1045.590692466192,2532.4619515295035
ɵ,лёд,3,5,0.08888888888888857,18.468888888888888,404.18127590658395,1067.389782194151,2486.233444287626
ɵ,лёд,3,6,0.11111111111111072,18.49111111111111,426.24808613625095,1141.770102609482,2607.2758277178004
ɵ,лёд,3,7,0.13333333333333286,18.513333333333332,441.3377648265959,1274.9216361190768,2590.5851213629167
ɵ,лёд,3,8,0.155555555555555,18.535555555555554,445.79457919258505,1427.8398398318905,2766.4490334440443
ɵ,лёд,3,9,0.17777777777777715,18.557777777777776,406.45572432677443,1525.4726543672023,2769.5267683411694
ɵ,лёд,3,10,0.1999999999999993,18.58,332.2133448604273,1590.933890995524,2927.3553512945396
o,нос,1,1,0,20.56,393.5854226932718,1199.2613443483106,2522.2609576099912
o,нос,1,2,0.024444444444444713,20.584444444444443,420.65321458957897,1095.9303696292725,2452.7118199693027
o,нос,1,3,0.048888888888889426,20.608888888888888,432.35401545986065,915.5860954891169,2458.674967986766
o,нос,1,4,0.07333333333333414,20.633333333333333,438.02747841449616,868.8397299110209,2459.6391460012974
o,нос,1,5,0.09777777777777885,20.657777777777778,446.155727994331,868.0100757908584,2469.5187672776924
o,нос,1,6,0.12222222222222356,20.682222222222222,455.67267832786393,948.2398727254391,2533.357691812636
o,нос,1,7,0.14666666666666828,20.706666666666667,492.254302194677,1086.7260799727837,2594.988446185125
o,нос,1,8,0.171111111111113,20.73111111111111,369.59997838189236,1095.5473103703987,2383.3776957549962
o,нос,1,9,0.1955555555555577,20.755555555555556,265.6138480709021,1455.8673687244316,2823.4698971167236
o,нос,1,10,0.22000000000000242,20.78,867.3595374244061,1655.6108723066386,3009.7322031462795
o,нос,2,1,0,21.88,460.929327332264,1287.886124011321,2407.2040824553737
o,нос,2,2,0.023333333333333428,21.903333333333332,450.72731824509435,1122.294028548926,2500.1327881423326
o,нос,2,3,0.046666666666666856,21.926666666666666,424.4231476593432,919.4380410701766,2489.0513848966507
o,нос,2,4,0.07000000000000028,21.95,399.46727518933676,889.3069110186117,2471.024596082735
o,нос,2,5,0.09333333333333371,21.973333333333333,400.92178486706115,931.9817586033314,2473.033253681339
o,нос,2,6,0.11666666666666714,21.996666666666666,422.5849999431121,974.5518794599328,2451.119550763797
o,нос,2,7,0.14000000000000057,22.02,451.4567671416594,1209.2550962646621,2584.9034230786465
o,нос,2,8,0.163333333333334,22.043333333333333,465.93323636602645,1422.5881258269367,2737.709962069239
o,нос,2,9,0.18666666666666742,22.066666666666666,380.4299863253913,1385.2388945855628,2761.6794340915044
o,нос,2,10,0.21000000000000085,22.09,277.0288264861582,1473.8020539864383,2726.2748555917105
o,нос,3,1,0,23.19,378.6961407397595,1175.000369216461,2477.246542728648
o,нос,3,2,0.02111111111111086,23.211111111111112,403.63416531368193,1029.7440394794698,2481.0351939708457
o,нос,3,3,0.04222222222222172,23.232222222222223,409.4269368858607,955.6897990793183,2521.3526380879007
o,нос,3,4,0.06333333333333258,23.253333333333334,413.3916171033295,884.2833834033229,2530.359462909857
o,нос,3,5,0.08444444444444343,23.274444444444445,456.1254107969609,791.5035578198851,2548.933957808606
o,нос,3,6,0.10555555555555429,23.295555555555556,413.9113819658867,947.3965554385217,2461.1713780359332
o,нос,3,7,0.12666666666666515,23.316666666666666,425.4774017055637,1048.5622665881976,2477.5341541117186
o,нос,3,8,0.147777777777776,23.337777777777777,427.23657961567835,1266.2193591740252,2466.5687641065115
o,нос,3,9,0.16888888888888687,23.358888888888888,366.34547965753063,1338.6977552254687,2544.137060599017
o,нос,3,10,0.18999999999999773,23.38,229.98801356599867,1457.7338623752328,2512.803935056476
ɵ,вёл,1,1,0,25.18,355.21362812085846,1565.749413956423,2380.8207452291226
ɵ,вёл,1,2,0.0062825278017023655,25.1862825278017,369.2742417294581,1523.3190260863532,2356.1005715793267
ɵ,вёл,1,3,0.012565055603404731,25.192565055603403,385.29623845551384,1522.4426131246105,2340.565690778906
ɵ,вёл,1,4,0.018847583405107095,25.198847583405108,400.0796077609095,1502.1852059980433,2368.383290534396
ɵ,вёл,1,5,0.025130111206809462,25.20513011120681,415.5209648410702,1440.2268725596768,2381.69512680708
ɵ,вёл,1,6,0.03141263900851183,25.21141263900851,427.96055330625336,1383.088956169089,2392.4225962310775
ɵ,вёл,1,7,0.03769516681021419,25.217695166810213,434.3321280820503,1354.303339858133,2412.631372521595
ɵ,вёл,1,8,0.04397769461191656,25.223977694611918,443.83718895451085,1310.574948742618,2432.4068271632814
ɵ,вёл,1,9,0.050260222413618924,25.23026022241362,452.376140624134,1221.4525751077617,2419.8450758851195
ɵ,вёл,1,10,0.05654275021532129,25.23654275021532,454.66295451157816,1157.5675620755405,2405.6868673140084
ɵ,вёл,2,1,0,26.49,404.14363970961233,1564.0761738888223,2403.2092687665154
ɵ,вёл,2,2,0.0066666666666669195,26.496666666666666,418.66775846443517,1564.3093135918878,2480.143403358636
ɵ,вёл,2,3,0.013333333333333839,26.503333333333334,432.9081300529059,1526.0150093624395,2516.41668713306
ɵ,вёл,2,4,0.02000000000000076,26.509999999999998,452.5479120415277,1498.6803818466883,2522.491267075263
ɵ,вёл,2,5,0.026666666666667678,26.516666666666666,466.5112551732325,1446.4055163133796,2465.5978354111544
ɵ,вёл,2,6,0.033333333333334596,26.523333333333333,470.63827204088494,1370.1520616003766,2438.456379956921
ɵ,вёл,2,7,0.04000000000000152,26.53,481.7247512420657,1322.5975325530687,2455.32921443184
ɵ,вёл,2,8,0.04666666666666844,26.536666666666665,493.14576004369917,1322.2602546160754,2485.556815986402
ɵ,вёл,2,9,0.053333333333335356,26.543333333333333,500.2909762937675,1263.4029259774018,2465.7810225883914
ɵ,вёл,2,10,0.060000000000002274,26.55,501.84427906909684,1138.741689048815,2402.0194046262013
ɵ,вёл,3,1,0,27.8,425.30207066833873,1549.1491235636206,2368.959466675364
ɵ,вёл,3,2,0.006471215896204462,27.806471215896206,432.2740836098942,1513.5718970842647,2376.2945254909205
ɵ,вёл,3,3,0.012942431792408924,27.81294243179241,434.18026532866645,1458.401849478754,2373.607954273873
ɵ,вёл,3,4,0.019413647688613388,27.819413647688613,435.44925478215276,1417.4220492487166,2413.1754549460006
ɵ,вёл,3,5,0.025884863584817848,27.825884863584818,443.21432705166706,1393.707366508965,2421.5058366727394
ɵ,вёл,3,6,0.03235607948102231,27.832356079481023,449.82835409432136,1367.280379905332,2418.28260925549
ɵ,вёл,3,7,0.038827295377226775,27.83882729537723,453.6036621192087,1325.2972433687696,2393.3259062788816
ɵ,вёл,3,8,0.045298511273431236,27.84529851127343,457.71919024062674,1283.0289062794898,2463.48255100378
ɵ,вёл,3,9,0.051769727169635696,27.851769727169636,456.78003538657157,1224.5265408800335,2511.90579263894
ɵ,вёл,3,10,0.058240943065840156,27.85824094306584,450.1545465518007,1178.8510097157646,2531.144378944134
e,фея,1,1,0,29.46,446.590822480507,2169.5371175902155,2915.7924904291667
e,фея,1,2,0.017590684616836525,29.47759068461684,429.87379576405726,2198.951142196045,3005.3612159644495
e,фея,1,3,0.03518136923367305,29.495181369233674,438.0228220908931,2221.8729224137296,3037.079831619839
e,фея,1,4,0.05277205385050958,29.51277205385051,434.5928419971792,2277.1701588684564,3030.2898939518764
e,фея,1,5,0.0703627384673461,29.530362738467346,427.6740029554747,2323.858939579571,2997.783136222312
e,фея,1,6,0.08795342308418262,29.547953423084184,420.0666215918078,2331.116516640874,3045.3856369751784
e,фея,1,7,0.10554410770101916,29.56554410770102,409.28157946669194,2311.81517434527,3068.482221925227
e,фея,1,8,0.12313479231785568,29.583134792317857,400.35063952248476,2284.901233714578,3063.3882001451675
e,фея,1,9,0.1407254769346922,29.60072547693469,396.6369586533445,2310.630878540054,3051.5468852359986
e,фея,1,10,0.15831616155152872,29.61831616155153,407.11735882303185,2373.5751774143323,3095.738265041989
e,фея,2,1,0,30.87,419.4799107538356,2145.861654548632,2751.3964392631647
e,фея,2,2,0.015922817668459526,30.88592281766846,469.51034533217114,2199.9743351203815,2884.823298858104
e,фея,2,3,0.03184563533691905,30.90184563533692,466.9491333931498,2286.5622041336505,2957.6541780460384
e,фея,2,4,0.047768453005378575,30.91776845300538,465.50206822029486,2272.531644139317,3034.739954590895
e,фея,2,5,0.0636912706738381,30.93369127067384,460.434761903906,2291.107476453277,3043.564173700796
e,фея,2,6,0.07961408834229763,30.949614088342297,451.94981621314656,2264.4888916694404,2995.0073601792374
e,фея,2,7,0.09553690601075715,30.965536906010758,438.7369583695549,2318.2965811849504,2997.9015419119605
e,фея,2,8,0.11145972367921668,30.98145972367922,424.16112180390746,2320.7351564722235,3033.711891821164
e,фея,2,9,0.1273825413476762,30.997382541347676,415.78429904385484,2307.698773382727,2997.682984319034
e,фея,2,10,0.14330535901613572,31.013305359016137,404.82727890612324,2270.108251298966,3046.5004576525007
e,фея,2,1,0,32.31,386.979894583762,2154.490368960712,3048.9669861639977
e,фея,2,2,0.019765179395880256,32.329765179395885,458.65781585669316,2281.1151485787377,3180.5926955545924
e,фея,2,3,0.03953035879176051,32.34953035879176,448.0940769707685,2225.7308775755555,3111.599097294561
e,фея,2,4,0.05929553818764077,32.36929553818764,440.145582180907,2253.950951971879,3126.5815338855004
e,фея,2,5,0.07906071758352103,32.389060717583526,431.24356569595125,2261.1145402874504,3151.592393793784
e,фея,2,6,0.09882589697940128,32.4088258969794,412.8243643668565,2272.170753931998,3142.0594087942486
e,фея,2,7,0.11859107637528155,32.428591076375284,398.7287681366616,2304.5954669236376,3160.0556141071797
e,фея,2,8,0.13835625577116178,32.448356255771166,398.825614835906,2280.579460189122,3105.5104544873147
e,фея,2,9,0.15812143516704205,32.46812143516704,411.15938715066494,2280.722953282727,3087.160515435477
e,фея,2,10,0.17788661456292232,32.487886614562925,458.49216920605085,2238.285817627157,3014.993507346585
i,мир,1,1,0,34.3,381.5116023124968,2552.7029771665266,3499.722060305049
i,мир,1,2,0.01776753728854885,34.317767537288546,383.58618472502945,2550.1529684179245,3453.4961641494
i,мир,1,3,0.0355350745770977,34.335535074577095,382.171226710975,2522.9224462429547,3425.9230050120163
i,мир,1,4,0.053302611865646554,34.353302611865644,354.574694320086,1050.0057077652177,2534.352530776697
i,мир,1,5,0.0710701491541954,34.37107014915419,376.8326490218853,2576.983729269102,3350.9301272900843
i,мир,1,6,0.08883768644274426,34.38883768644274,374.5542010022156,2618.396643150327,3264.7973134281065
i,мир,1,7,0.10660522373129311,34.40660522373129,371.12351876846833,2589.6906542995534,3189.711761456857
i,мир,1,8,0.12437276101984196,34.42437276101984,371.5620309298234,2536.8872449017454,3112.249708939199
i,мир,1,9,0.1421402983083908,34.44214029830839,377.86896116549684,2413.9021092214557,2985.778831981998
i,мир,1,10,0.15990783559693966,34.45990783559694,386.03962769713473,2267.9918602502935,2911.743612721867
i,мир,2,1,0,35.55,380.488769574566,2570.508054830677,3234.615023969241
i,мир,2,2,0.01937867397949036,35.569378673979486,379.9970774911484,2631.4665295938853,3312.7405194932726
i,мир,2,3,0.03875734795898072,35.588757347958975,382.5007933492202,2570.2828831321262,3416.400084380437
i,мир,2,4,0.058136021938471075,35.60813602193847,386.7534982008783,2574.398046401315,3423.1923959127944
i,мир,2,5,0.07751469591796144,35.62751469591796,386.0203092659182,2628.541895878484,3360.9387116501757
i,мир,2,6,0.0968933698974518,35.64689336989745,381.8974594032238,2565.9110047908302,3286.502692901727
i,мир,2,7,0.11627204387694215,35.66627204387694,381.5795005275165,2671.896914831257,3273.3115633773386
i,мир,2,8,0.1356507178564325,35.68565071785643,377.52105122508493,2612.3318118322254,3042.1711888152836
i,мир,2,9,0.15502939183592288,35.70502939183592,376.6643450354843,2362.180828425385,2891.193898786257
i,мир,2,10,0.17440806581541324,35.72440806581541,392.05572401161544,2177.3425083134416,2876.4085278405137
i,мир,3,1,0,36.91,371.1176149117758,2581.7084658750246,3479.3002023121076
i,мир,3,2,0.01677639141284399,36.926776391412844,353.39352253358413,2570.1809501450384,3583.996095291909
i,мир,3,3,0.03355278282568798,36.943552782825684,361.81332702821715,2613.5838466081323,3538.3204692202607
i,мир,3,4,0.05032917423853197,36.96032917423853,362.28298079616064,2611.3905755374612,3597.798950615886
i,мир,3,5,0.06710556565137596,36.97710556565137,370.03321616294085,2573.6346672713075,3614.130693708112
i,мир,3,6,0.08388195706421994,36.99388195706422,374.65737128947654,2562.437791583673,3564.157743784492
i,мир,3,7,0.10065834847706394,37.01065834847706,373.0054967523507,2539.5989881560686,3649.9000267603856
i,мир,3,8,0.11743473988990794,37.027434739889905,373.6540509754717,2694.54011527229,3459.5807279315995
i,мир,3,9,0.13421113130275192,37.044211131302745,374.2375578730678,2473.3757735735794,3133.207286743923
i,мир,3,10,0.1509875227155959,37.06098752271559,379.315946711056,2335.1500257360867,3018.968991977552
o,лом,1,1,0,38.80422920680857,392.5859550553865,954.0074095570452,2838.636497794149
o,лом,1,2,0.014498774138458891,38.81872798094703,428.2476715210204,918.8375914886367,3041.1710230255135
o,лом,1,3,0.028997548276917782,38.83322675508549,432.0982162637321,879.0095258556852,3042.7030819650313
o,лом,1,4,0.043496322415376674,38.84772552922395,439.73577590744003,880.8831576173403,2945.0413859257383
o,лом,1,5,0.057995096553835564,38.86222430336241,438.0611526213486,880.5946238117025,2970.988015175759
o,лом,1,6,0.07249387069229446,38.87672307750086,435.7627471859432,875.1350537100371,2977.7158679834874
o,лом,1,7,0.08699264483075335,38.89122185163932,429.99441020696224,855.5086695055696,2970.241827967284
o,лом,1,8,0.10149141896921224,38.90572062577778,415.5118418512792,837.0893930359498,2936.7669367405956
o,лом,1,9,0.11599019310767113,38.92021939991624,391.3012310907343,841.6730857578015,2703.0337011006905
o,лом,1,10,0.13048896724613002,38.9347181740547,348.2655094630893,834.7384320298705,2287.174424044271
o,лом,2,1,0,40.11,398.40098304713706,985.2606798210404,3040.1763127639592
o,лом,2,2,0.01555555555555562,40.12555555555556,399.67617985041903,942.9872110822803,3012.472957986067
o,лом,2,3,0.03111111111111124,40.14111111111111,400.58898534011837,894.2825134826406,2883.880512411337
o,лом,2,4,0.046666666666666856,40.156666666666666,403.41382384119214,856.3601060215816,2705.3056202278854
o,лом,2,5,0.06222222222222248,40.172222222222224,410.51637512406626,793.7277168412394,2575.7012372997137
o,лом,2,6,0.0777777777777781,40.187777777777775,409.9216605989042,768.0048370368955,2478.1151886220127
o,лом,2,7,0.09333333333333371,40.20333333333333,409.22079008027646,758.1609341314063,2429.764424125495
o,лом,2,8,0.10888888888888934,40.21888888888889,396.6095205156495,741.4962549921344,2335.7296651339034
o,лом,2,9,0.12444444444444495,40.23444444444444,387.6739692690302,761.5776320641064,2306.938762887012
o,лом,2,10,0.14000000000000057,40.25,360.9954848793524,876.3002827725884,2305.7744472393297
o,лом,3,1,0,41.49,451.9205480711176,1041.8377975881353,2703.221157992014
o,лом,3,2,0.01111111111111127,41.501111111111115,484.5633611034466,989.7106571433224,2941.885863541171
o,лом,3,3,0.02222222222222254,41.51222222222223,508.5085935244049,964.6716743583154,2849.919856396106
o,лом,3,4,0.03333333333333381,41.52333333333333,497.8796155682403,941.1034108488896,2769.937017351074
o,лом,3,5,0.04444444444444508,41.534444444444446,488.8931021686932,904.765808893376,2765.6344567701553
o,лом,3,6,0.055555555555556344,41.54555555555556,481.7196596363357,878.0331012497398,2745.509304479744
o,лом,3,7,0.06666666666666762,41.55666666666667,468.21189296526336,854.783922710723,2716.172620336293
o,лом,3,8,0.07777777777777889,41.56777777777778,447.7527903895355,832.666367865945,2574.256833561419
o,лом,3,9,0.08888888888889016,41.57888888888889,422.8944142087623,818.6363654070404,2502.813731660551
o,лом,3,10,0.10000000000000142,41.59,380.47051057176003,816.5938223775937,2484.0400158856646
ɵ,пёстрый,1,1,0,43.79,446.80915981588396,1728.192531607341,2444.6732377388325
ɵ,пёстрый,1,2,0.01333333333333305,43.803333333333335,454.7585496303274,1657.2577677760596,2417.301283801979
ɵ,пёстрый,1,3,0.0266666666666661,43.81666666666666,469.4612261350253,1539.2791907759047,2472.6372162891985
ɵ,пёстрый,1,4,0.03999999999999915,43.83,488.2861369326518,1509.701936200417,2577.906138526953
ɵ,пёстрый,1,5,0.0533333333333322,43.843333333333334,509.2491218734535,1445.531981967881,2611.274153157656
ɵ,пёстрый,1,6,0.06666666666666525,43.85666666666666,505.0520561185644,1386.607698398716,2607.2471793684826
ɵ,пёстрый,1,7,0.0799999999999983,43.87,505.98019058441804,1391.5722766468834,2646.5687850755153
ɵ,пёстрый,1,8,0.09333333333333135,43.88333333333333,508.1097216203504,1352.5496762851621,2688.7006938532413
ɵ,пёстрый,1,9,0.1066666666666644,43.89666666666666,461.45068450482256,1441.4854782054322,2785.0045569067056
ɵ,пёстрый,1,10,0.11999999999999744,43.91,320.33368778422897,1528.688613460145,2696.197691126083
ɵ,пёстрый,2,1,0,45.34,459.3619139188037,1698.6488787011374,2451.1419293806593
ɵ,пёстрый,2,2,0.014444444444443939,45.35444444444445,459.6164367085758,1629.9993789087741,2475.867917908242
ɵ,пёстрый,2,3,0.028888888888887878,45.36888888888889,482.7306121229023,1525.1555717386202,2486.5723470474722
ɵ,пёстрый,2,4,0.043333333333331815,45.38333333333333,516.8340967147609,1469.2243570201,2512.469219462344
ɵ,пёстрый,2,5,0.057777777777775756,45.397777777777776,547.7445493005143,1435.4602949184523,2597.052518657955
ɵ,пёстрый,2,6,0.07222222222221969,45.412222222222226,529.1325278660529,1397.9284372924624,2633.6641187697774
ɵ,пёстрый,2,7,0.08666666666666363,45.42666666666667,515.6031304593774,1377.4092426999484,2723.4374314060733
ɵ,пёстрый,2,8,0.10111111111110757,45.44111111111111,477.7230395284201,1382.0270226803016,2775.7588734472097
ɵ,пёстрый,2,9,0.11555555555555151,45.455555555555556,345.85229546848024,1534.7329357212066,2818.5769754442304
ɵ,пёстрый,2,10,0.12999999999999545,45.47,446.46763311510165,1642.4608904395757,2863.9675901809323
ɵ,пёстрый,3,1,0,46.92,444.3656904136079,1715.853108240538,2473.359551981064
ɵ,пёстрый,3,2,0.01333333333333305,46.93333333333334,441.08359753023,1698.686404391299,2543.0302910508
ɵ,пёстрый,3,3,0.0266666666666661,46.946666666666665,464.431832743468,1626.548978762906,2467.245226952901
ɵ,пёстрый,3,4,0.03999999999999915,46.96,514.2118228475179,1549.4141966489422,2510.851368953994
ɵ,пёстрый,3,5,0.0533333333333322,46.973333333333336,541.1515108411535,1538.0708861047713,2558.952035612335
ɵ,пёстрый,3,6,0.06666666666666525,46.986666666666665,559.2101080838196,1507.3829066672745,2643.2830941285847
ɵ,пёстрый,3,7,0.0799999999999983,47,561.2677940408894,1510.7096592855119,2635.302854619568
ɵ,пёстрый,3,8,0.09333333333333135,47.013333333333335,535.5655793679283,1496.5730322896375,2695.309031867491
ɵ,пёстрый,3,9,0.1066666666666644,47.026666666666664,461.93494124813026,1486.4298533193412,2714.66063674281
ɵ,пёстрый,3,10,0.11999999999999744,47.04,307.07108853151925,1548.491187891812,2767.069998629002
u,путь,1,1,0,51.02,411.2663141528986,886.5651681054012,2503.184490645476
u,путь,1,2,0.01333333333333305,51.03333333333334,421.5502492973495,852.119937015138,2539.2408766703647
u,путь,1,3,0.0266666666666661,51.04666666666667,419.6233979421738,835.7064012220242,2709.8352828734082
u,путь,1,4,0.03999999999999915,51.06,411.544841541744,838.7216464472029,2670.004511219348
u,путь,1,5,0.0533333333333322,51.07333333333334,402.68517270600637,777.2950965378595,2592.4164062236214
u,путь,1,6,0.06666666666666525,51.086666666666666,384.500515959838,896.5620381335939,2562.6707244431536
u,путь,1,7,0.0799999999999983,51.1,371.42077384919276,1127.4865093679464,2586.2981014288275
u,путь,1,8,0.09333333333333135,51.11333333333334,368.5539573446098,1402.9291067925665,2622.6083265767757
u,путь,1,9,0.1066666666666644,51.126666666666665,341.8595647558675,1647.4865986867783,2555.386462878713
u,путь,1,10,0.11999999999999744,51.14,300.4813657688266,2303.554661221184,3376.3999573034253
u,путь,2,1,0,52.454953799189305,393.71478594365135,934.296438196579,2515.152345761897
u,путь,2,2,0.007939804885346291,52.46289360407465,386.66096531293863,966.7860154579616,2432.666551293163
u,путь,2,3,0.015879609770692582,52.47083340896,373.79776643828956,1029.6894544076647,2481.821113000828
u,путь,2,4,0.023819414656038873,52.47877321384534,364.3414353211333,1049.3164089419133,2482.8114650924404
u,путь,2,5,0.031759219541385164,52.48671301873069,376.0702644619951,1080.705253061746,2465.3737145944106
u,путь,2,6,0.039699024426731455,52.494652823616036,388.2218970711989,1106.9802123512757,2498.3177249514442
u,путь,2,7,0.047638829312077746,52.50259262850138,393.6455717619166,1298.0943498282054,2567.4201103096902
u,путь,2,8,0.05557863419742404,52.51053243338673,385.8009685060966,2107.852861192842,2545.7571531792555
u,путь,2,9,0.06351843908277033,52.518472238272075,353.0918672763723,2026.6926479842211,2742.00326728756
u,путь,2,10,0.07145824396811662,52.52641204315742,287.00695252367933,1775.502988537981,2972.5849198717856
u,путь,3,1,0,53.86,368.76112960284667,1015.9641842117443,2283.2286140912515
u,путь,3,2,0.0088888888888887,53.86888888888889,379.4195031807216,994.9571010955752,2496.9704791753766
u,путь,3,3,0.0177777777777774,53.87777777777778,382.2030277028519,1118.4568809123148,2596.7271242060483
u,путь,3,4,0.0266666666666661,53.88666666666666,360.6030446841037,1045.5478528156548,2512.738221302138
u,путь,3,5,0.0355555555555548,53.89555555555555,350.07511328813484,984.3681274951791,2534.222633073749
u,путь,3,6,0.044444444444443496,53.904444444444444,355.7384815477103,1104.6683271252386,2412.3248024552804
u,путь,3,7,0.0533333333333322,53.913333333333334,356.1327149451636,1678.0908770277779,2362.4901678289084
u,путь,3,8,0.0622222222222209,53.92222222222222,341.54335970014847,1883.0936760769307,2583.821394769742
u,путь,3,9,0.0711111111111096,53.93111111111111,259.65875034956514,1932.9950788752967,2626.4136716399216
u,путь,3,10,0.0799999999999983,53.94,224.84394015590217,1555.2686381690944,2507.164341115756
y,мюсли,1,1,0,55.785302638331196,371.3610627337823,1813.7608690830823,2620.4221473013376
y,мюсли,1,2,0.017188595740978013,55.80249123407217,416.45303034037624,1871.4877761988864,2825.8732710135896
y,мюсли,1,3,0.034377191481956025,55.819679829813154,413.2208762531195,1792.3286551520164,2658.2241157344606
y,мюсли,1,4,0.051565787222934034,55.83686842555413,411.5973227240545,1700.9148535354345,2907.431416315553
y,мюсли,1,5,0.06875438296391205,55.854057021295105,399.0849369727654,1706.4540003714235,1977.5600757659568
y,мюсли,1,6,0.08594297870489007,55.87124561703609,409.27649916862794,1682.692835475778,2910.3184505738623
y,мюсли,1,7,0.10313157444586807,55.888434212777064,403.05383561418097,1595.2022278978295,2773.1397689362716
y,мюсли,1,8,0.12032017018684608,55.90562280851804,326.1893757341185,1550.0918836168535,2713.8719444486674
y,мюсли,1,9,0.1375087659278241,55.92281140425902,224.958295604652,1596.3631692554432,2662.299820791458
y,мюсли,1,10,0.1546973616688021,55.94,418.3253568874293,1779.1471988083542,2752.65944201928
y,мюсли,2,1,0,57.28,310.10417756452557,2183.127079584922,2382.085470969005
y,мюсли,2,2,0.012222222222222159,57.29222222222222,329.8617925855124,1918.3519025668768,2389.4252809293303
y,мюсли,2,3,0.024444444444444317,57.30444444444444,329.3073694432402,1426.1451875489115,2406.1738759371806
y,мюсли,2,4,0.03666666666666647,57.31666666666667,332.16694256136986,1489.4089842133453,2394.9661206700057
y,мюсли,2,5,0.048888888888888635,57.32888888888889,334.5295948275302,1655.0957452416183,2456.6631161111027
y,мюсли,2,6,0.0611111111111108,57.34111111111111,339.4043240544985,1598.3611553405929,2398.157856873981
y,мюсли,2,7,0.07333333333333295,57.35333333333333,330.91308914922575,1501.5371008778732,2451.1051077136453
y,мюсли,2,8,0.08555555555555511,57.36555555555556,313.01344530194746,1560.8003876877021,2389.141111910707
y,мюсли,2,9,0.09777777777777727,57.37777777777778,260.1772929609429,1590.2934273386338,2391.957253956873
y,мюсли,2,10,0.10999999999999943,57.39,219.87269239708368,1669.3848547257437,2740.557873886899
y,мюсли,3,1,0,58.83671041276214,338.9734262803658,1638.0804870071179,2384.069474019521
y,мюсли,3,2,0.01369884302642927,58.85040925578857,363.51178844636405,1633.958113078966,2455.7375359426164
y,мюсли,3,3,0.02739768605285854,58.864108098814995,378.70148154903245,1680.0252192176795,2522.3077011387822
y,мюсли,3,4,0.04109652907928781,58.87780694184143,378.7506539932821,1651.5961537937326,2279.893917061478
y,мюсли,3,5,0.05479537210571708,58.89150578486785,372.7593630523796,1598.4364955068386,2247.1418875607583
y,мюсли,3,6,0.06849421513214635,58.905204627894285,365.67550552513046,1578.6438454765541,3050.3377586599536
y,мюсли,3,7,0.08219305815857562,58.91890347092071,337.35407486893797,1535.762295935463,2667.140538577792
y,мюсли,3,8,0.0958919011850049,58.93260231394714,284.512188056209,1512.1917594343704,2595.734158263605
y,мюсли,3,9,0.10959074421143417,58.94630115697357,223.52529426325086,1606.100478441889,2691.461132071853
y,мюсли,3,10,0.12328958723786343,58.96,234.65627837442568,1760.606398329404,3066.752234653801
i,лик,1,1,0,60.68,342.1940934096669,2301.5651987556844,3034.7178227394184
i,лик,1,2,0.012222222222222159,60.69222222222222,384.6574136368959,2268.033432672982,3031.016914850065
i,лик,1,3,0.024444444444444317,60.70444444444444,410.613673835181,2321.6875023865564,3083.7129867390886
i,лик,1,4,0.03666666666666647,60.71666666666667,411.5793286862156,2373.871746256272,3157.387593171736
i,лик,1,5,0.048888888888888635,60.72888888888889,414.9927471245997,2387.140131752281,3091.567763702464
i,лик,1,6,0.0611111111111108,60.74111111111111,414.465411284235,2394.8823448745384,3117.747640734532
i,лик,1,7,0.07333333333333295,60.75333333333333,399.12577080002575,2422.0139239997848,3200.7867332674277
i,лик,1,8,0.08555555555555511,60.76555555555556,347.9957553979463,2577.5444535380143,3278.24216926597
i,лик,1,9,0.09777777777777727,60.77777777777778,302.43163725049953,2304.684161089631,2914.489755000009
i,лик,1,10,0.10999999999999943,60.79,358.94409992142965,2191.4978391066425,2877.3515918107514
i,лик,2,1,0,62.02,409.08476305545275,2235.3210925068142,2813.912227927507
i,лик,2,2,0.01111111111111048,62.031111111111116,416.58451297651175,2230.8745541715407,2879.8979646118
i,лик,2,3,0.02222222222222096,62.04222222222222,415.33850866167796,2271.102483401453,2856.1986890806706
i,лик,2,4,0.03333333333333144,62.053333333333335,416.6113835632351,2291.8463901433324,2856.796836117413
i,лик,2,5,0.04444444444444192,62.06444444444445,415.02059770449733,2309.4237833820266,2828.834993382652
i,лик,2,6,0.0555555555555524,62.07555555555555,411.2139757007139,2306.4160262198848,2768.627405849027
i,лик,2,7,0.06666666666666288,62.086666666666666,407.44920054141227,2285.0848165279235,2792.5006942216655
i,лик,2,8,0.07777777777777337,62.09777777777778,379.53809967006225,2336.9339380287142,2743.802235722029
i,лик,2,9,0.08888888888888384,62.108888888888885,297.09786283931663,2041.8363822391025,2531.8026640756552
i,лик,2,10,0.09999999999999432,62.12,385.34514922600886,1924.0939347052617,2626.142048460805
i,лик,3,1,0,63.27263513810196,416.9554272752285,2231.6510597764213,2818.7708786259063
i,лик,3,2,0.009707206877559807,63.28234234497952,418.6704140936052,2303.987361925617,2844.1878301993643
i,лик,3,3,0.019414413755119615,63.29204955185708,415.5911582535298,2323.563477832872,2885.990057836854
i,лик,3,4,0.029121620632679424,63.30175675873464,417.6234370163792,2346.3679971828415,2864.748475697287
i,лик,3,5,0.03882882751023923,63.3114639656122,417.06199198936594,2342.152209036953,2789.467545302309
i,лик,3,6,0.048536034387799035,63.32117117248976,417.7328674712948,2298.4673052624557,2765.670164134848
i,лик,3,7,0.05824324126535885,63.33087837936732,412.5401804903701,2330.5386966484125,2736.2809982651806
i,лик,3,8,0.06795044814291865,63.34058558624488,404.88916089443006,2436.5583181737506,2719.5090395621874
i,лик,3,9,0.07765765502047846,63.35029279312244,380.6170334826372,2486.2298072151543,2805.498270115692
i,лик,3,10,0.08736486189803827,63.36,351.5949790226221,1219.3034845300776,2454.1693797164157
e,бес,1,1,0,64.58,385.4470000657264,2184.5082704366237,2874.116108557397
e,бес,1,2,0.0177777777777774,64.59777777777778,411.9293872566938,2220.0836231042113,2995.2048084094085
e,бес,1,3,0.0355555555555548,64.61555555555556,407.83973841545077,2229.662318929456,3011.7483817615275
e,бес,1,4,0.0533333333333322,64.63333333333333,405.0584712905348,2221.917259382633,2904.6704388436283
e,бес,1,5,0.0711111111111096,64.6511111111111,420.74141956043866,2110.8289995542,2837.163502659088
e,бес,1,6,0.08888888888888699,64.66888888888889,511.65698084079213,2025.675697867493,2782.1310084695538
e,бес,1,7,0.1066666666666644,64.68666666666667,590.8178784094043,1937.358154359981,2814.362332047392
e,бес,1,8,0.1244444444444418,64.70444444444443,572.4783270897775,1803.4648818985986,2762.318200722165
e,бес,1,9,0.1422222222222192,64.72222222222221,538.038521200007,1798.5023688042902,2718.6748521874297
e,бес,1,10,0.1599999999999966,64.74,681.6352578953555,1734.91874139525,2772.962798633216
e,бес,2,1,0,66.16248514356153,403.1681107884974,2271.3433096483095,2929.348236646177
e,бес,2,2,0.01639053960427519,66.1788756831658,396.77805088777205,2299.058850789832,2901.5653588846135
e,бес,2,3,0.03278107920855038,66.19526622277007,397.0507802696074,2273.3491375017015,2847.211870703593
e,бес,2,4,0.04917161881282557,66.21165676237435,396.6051985849987,2233.76535796079,2816.781119765014
e,бес,2,5,0.06556215841710077,66.22804730197862,403.1115985043003,2185.102220811101,2796.1530763195174
e,бес,2,6,0.08195269802137596,66.24443784158291,400.25720014648965,2140.238415560412,2416.6056009500508
e,бес,2,7,0.09834323762565114,66.26082838118718,414.82155225352864,1258.7532131338908,2358.9538041481333
e,бес,2,8,0.11473377722992634,66.27721892079146,521.5659004182855,1898.9980144021051,2715.990858711762
e,бес,2,9,0.13112431683420153,66.29360946039573,427.34690283875716,1786.099493975866,2279.7682397590565
e,бес,2,10,0.14751485643847673,66.31,487.30774416381087,1764.3103910968862,2763.4540181169573
e,бес,3,1,0,67.61,390.2965571675332,2250.152128013584,2958.29743407189
e,бес,3,2,0.0177777777777774,67.62777777777778,395.0235851172872,2255.6690297904274,2994.6191401414253
e,бес,3,3,0.0355555555555548,67.64555555555556,399.2468937779837,2240.435703170092,2970.873091816388
e,бес,3,4,0.0533333333333322,67.66333333333333,401.5414135905676,2229.90915567554,2936.6858175936172
e,бес,3,5,0.0711111111111096,67.68111111111111,398.029632843502,2147.6348286895122,2897.134721350136
e,бес,3,6,0.08888888888888699,67.69888888888889,429.55255673074015,2023.9192607482128,2811.001437494
e,бес,3,7,0.1066666666666644,67.71666666666667,439.7286570369695,1970.6117682586616,2761.8305579649864
e,бес,3,8,0.1244444444444418,67.73444444444443,601.9126072544724,1889.3909951256644,2728.0131408446987
e,бес,3,9,0.1422222222222192,67.75222222222222,420.19448633809617,1739.5416831403372,2671.655266975844
e,бес,3,10,0.1599999999999966,67.77,310.8207140268228,1715.0203660721863,2711.918270013472
error,error,error,1,0,69.1,686.502620287641,2115.0126302691783,3006.9350006617415
error,error,error,2,0.052222222222222094,69.15222222222222,765.275191592103,2401.87539226383,2869.710115638536
error,error,error,3,0.10444444444444419,69.20444444444443,864.0943380785352,2575.409663638005,3083.1386645885273
error,error,error,4,0.1566666666666663,69.25666666666666,827.4409613222421,2134.020372498264,2946.0024019845805
error,error,error,5,0.20888888888888837,69.30888888888889,908.75228753576,2283.988898652943,2956.857399152426
error,error,error,6,0.26111111111111046,69.3611111111111,348.2940381581288,1844.052070006562,2579.916971629316
error,error,error,7,0.3133333333333326,69.41333333333333,409.15209086387006,1561.6790519377985,2301.570743564745
error,error,error,8,0.36555555555555463,69.46555555555555,402.6968370167183,1423.5218402204366,2580.788781759473
error,error,error,9,0.41777777777777675,69.51777777777777,374.1974147730235,1120.101031283805,2623.5345440100996
error,error,error,10,0.46999999999999886,69.57,886.0224977325344,1215.2090480386473,2862.477849046157
y,сюр,1,1,0,71.42,357.52420327839155,1931.82670667466,2441.800595167425
y,сюр,1,2,0.013576452240851862,71.43357645224086,379.5857264360842,1825.1789222674588,2405.3871783750074
y,сюр,1,3,0.027152904481703724,71.44715290448171,383.7045098512158,1664.6310548686963,2412.7862023251087
y,сюр,1,4,0.040729356722555586,71.46072935672255,402.9371843346169,1572.2268464532046,2419.880843371959
y,сюр,1,5,0.05430580896340745,71.47430580896341,417.33938349390405,1429.7895679147107,2384.6025492724048
y,сюр,1,6,0.0678822612042593,71.48788226120426,424.57445835778503,1340.1502098375975,2415.909157614229
y,сюр,1,7,0.08145871344511117,71.50145871344512,421.2134780120371,1271.804543585803,2370.157295369492
y,сюр,1,8,0.09503516568596304,71.51503516568596,415.30518829785,1251.9733737818326,2377.471927358681
y,сюр,1,9,0.1086116179268149,71.52861161792681,394.91606999862535,1242.24301347426,2403.475788219909
y,сюр,1,10,0.12218807016766675,71.54218807016767,371.8344968526674,1491.8451654572068,2494.5381588871383
y,сюр,2,1,0,72.97,351.4853101039103,2153.5089608151293,2755.9539926715615
y,сюр,2,2,0.0177777777777774,72.98777777777778,397.7241185899409,1947.0341423079,2372.733419896456
y,сюр,2,3,0.0355555555555548,73.00555555555556,418.0556858071991,1769.4645781246227,2431.1904527250963
y,сюр,2,4,0.0533333333333322,73.02333333333333,429.5474552630732,1594.7955872114971,2525.631584310802
y,сюр,2,5,0.0711111111111096,73.0411111111111,431.6211600015859,1430.5826777998132,2511.04659654467
y,сюр,2,6,0.08888888888888699,73.05888888888889,428.9273266031795,1433.9975322130497,2536.859440451475
y,сюр,2,7,0.1066666666666644,73.07666666666667,416.5305360755411,1373.363991760153,2527.079242931466
y,сюр,2,8,0.1244444444444418,73.09444444444443,399.72399556937904,1415.4338005849602,2545.973774172508
y,сюр,2,9,0.1422222222222192,73.11222222222221,359.10664418113197,1569.3816146639767,2514.230087039564
y,сюр,2,10,0.1599999999999966,73.13,653.4064227250449,1854.213684673885,2762.1207989527165
y,сюр,3,1,0,74.40029112308547,365.9279922520336,1829.5471658997435,2563.3361618743875
y,сюр,3,2,0.010356267241756237,74.41064739032723,389.01485587337794,1691.298373185529,2586.2530842450046
y,сюр,3,3,0.020712534483512474,74.42100365756897,395.33209836118544,1628.8432143573928,2600.8484262031025
y,сюр,3,4,0.031068801725268713,74.43135992481074,411.8984956291775,1557.5746353467641,2589.7285454988314
y,сюр,3,5,0.04142506896702495,74.4417161920525,414.07309243426494,1448.5419406337658,2578.633616406567
y,сюр,3,6,0.051781336208781184,74.45207245929424,421.41239129312,1393.207880980064,2588.4486809633136
y,сюр,3,7,0.062137603450537426,74.462428726536,429.29675254018713,1370.0298987309807,2553.547037434412
y,сюр,3,8,0.07249387069229365,74.47278499377776,430.9471394498279,1344.9002626044023,2571.3841526752863
y,сюр,3,9,0.0828501379340499,74.48314126101951,433.3013783727722,1326.6593581876277,2634.314459494586
y,сюр,3,10,0.09320640517580614,74.49349752826127,434.021908367999,1388.080625456887,2729.124945262648
error,error,error,1,0,76.01,1157.4317277107225,2150.4867856555165,3069.1134631925156
error,error,error,2,0.5631825697431196,76.57318256974312,675.2263288316437,1755.0927525209468,2559.7773928709375
error,error,error,3,1.1263651394862393,77.13636513948624,828.1471899535769,2106.564446667601,2948.797076069405
error,error,error,4,1.689547709229359,77.69954770922936,926.0551955286369,1717.2488263074663,2856.4290181881865
error,error,error,5,2.2527302789724786,78.26273027897248,405.4247757954162,1195.805960443001,2333.889734289193
error,error,error,6,2.815912848715598,78.8259128487156,624.7804650246254,1698.6445424842907,2455.229355597495
error,error,error,7,3.379095418458718,79.38909541845872,762.4538818097437,2187.085394739204,2940.4151338003903
error,error,error,8,3.9422779882018375,79.95227798820184,722.7476665594601,1649.9368862071624,2572.1840636256293
error,error,error,9,4.505460557944957,80.51546055794496,901.0665780132332,2258.0748539914925,2825.044073165193
error,error,error,10,5.068643127688077,81.07864312768808,1015.12986847625,2156.508368971605,3050.3810020665346
o,дом,1,1,0,82.28577463794025,477.1033628914898,1150.4401993446672,2645.6261058161367
o,дом,1,2,0.013802818006638518,82.29957745594689,457.8990770958852,1121.1231630774278,2659.437154577885
o,дом,1,3,0.027605636013277035,82.31338027395353,442.5881052558492,1049.0144001054575,2577.721325848796
o,дом,1,4,0.04140845401991555,82.32718309196017,428.4085906497839,966.756036481887,2428.264991102678
o,дом,1,5,0.05521127202655407,82.3409859099668,448.2276717699474,965.1804115531565,2400.7370773319767
o,дом,1,6,0.06901409003319259,82.35478872797344,461.7354251609598,970.2728887504489,2381.1053207832438
o,дом,1,7,0.0828169080398311,82.36859154598008,443.8910499624376,969.5310388194966,2354.6941686273994
o,дом,1,8,0.09661972604646962,82.38239436398672,429.6431157107343,955.5250503306906,2373.3353232794684
o,дом,1,9,0.11042254405310814,82.39619718199336,424.23924898810617,919.6983560908163,2426.8166615175637
o,дом,1,10,0.12422536205974666,82.41,382.04082664615294,1030.7405091019982,2360.5510297311116
o,дом,2,1,0,83.79243584298327,413.93246022279726,1172.02901788721,2462.5154487103846
o,дом,2,2,0.013062684112970006,83.80549852709623,411.06281748925727,1088.1807382838772,2480.7454513126836
o,дом,2,3,0.026125368225940013,83.8185612112092,407.9846919383328,1013.4489773317326,2527.7362720585797
o,дом,2,4,0.03918805233891002,83.83162389532218,407.34879545094276,993.4872015169342,2492.9568509358605
o,дом,2,5,0.052250736451880025,83.84468657943515,406.4456411663593,967.7023715994337,2578.9897044419235
o,дом,2,6,0.06531342056485004,83.85774926354811,401.51911386407284,949.8174220136417,2605.1397419041855
o,дом,2,7,0.07837610467782004,83.87081194766108,396.7755609159058,934.5698636857884,2521.519392315961
o,дом,2,8,0.09143878879079004,83.88387463177406,391.66681732018765,947.3244691051428,2491.8367880040796
o,дом,2,9,0.10450147290376005,83.89693731588703,396.05802396987576,966.7865031378308,2565.760983916717
o,дом,2,10,0.11756415701673006,83.91,388.91089615272466,975.7352402779086,2517.458722476716
o,дом,3,1,0,85.23900533496129,425.57260525976625,1258.278830456075,2641.017400361311
o,дом,3,2,0.013443851670967573,85.25244918663226,426.9563737262314,1175.2754594982773,2607.281648992334
o,дом,3,3,0.026887703341935146,85.26589303830323,423.1671584114258,1058.675192090665,2591.817472522728
o,дом,3,4,0.04033155501290272,85.27933688997419,419.3860794747756,1038.5652519058206,2570.6055490525737
o,дом,3,5,0.05377540668387029,85.29278074164516,415.28891108860785,1023.9369935816035,2511.780464413547
o,дом,3,6,0.06721925835483786,85.30622459331613,407.49573887386356,1023.4813077279603,2488.832684902765
o,дом,3,7,0.08066311002580544,85.3196684449871,398.84293805081523,1025.182843763309,2457.4598050279005
o,дом,3,8,0.09410696169677302,85.33311229665806,395.3069936125603,998.7725738584911,2480.9682080655275
o,дом,3,9,0.10755081336774058,85.34655614832903,395.7012796906439,989.6233343153452,2487.0889438861564
o,дом,3,10,0.12099466503870815,85.36,375.11026185494273,963.4329398383218,2462.468137241262
u,фура,1,1,0,86.73,396.2512321784925,1165.8711953820875,2406.5375318979577
u,фура,1,2,0.01888888888888908,86.7488888888889,435.2505827603043,933.4141007670283,2489.431473671157
u,фура,1,3,0.03777777777777816,86.76777777777778,461.0961821068037,613.1859577171133,2357.1275245164197
u,фура,1,4,0.05666666666666724,86.78666666666668,434.36861165997317,456.4044926991252,2651.708087975371
u,фура,1,5,0.07555555555555632,86.80555555555556,447.6808303253301,587.9407530149615,2467.679197404726
u,фура,1,6,0.0944444444444454,86.82444444444445,439.22077247158336,559.305203968938,2535.4378782131944
u,фура,1,7,0.11333333333333448,86.84333333333333,438.43278227457347,689.41230095423,2553.0591734532177
u,фура,1,8,0.13222222222222357,86.86222222222223,439.47289495419255,869.4034472192276,2496.615806150423
u,фура,1,9,0.15111111111111264,86.88111111111111,446.0715480450036,1247.15479407967,2421.109051088473
u,фура,1,10,0.1700000000000017,86.9,324.8660388494274,1438.122349742431,2444.0305358773862
u,фура,2,1,0,88.12,445.8921807898808,924.2578127827638,2402.245088025108
u,фура,2,2,0.0177777777777774,88.13777777777779,445.4238438224966,723.8210649152841,2552.3232130180113
u,фура,2,3,0.0355555555555548,88.15555555555557,430.44605382079345,655.6479986372709,2471.3341847184633
u,фура,2,4,0.0533333333333322,88.17333333333333,444.45320397556145,630.0010880873099,2552.063913403799
u,фура,2,5,0.0711111111111096,88.19111111111111,447.94341521843285,458.9675514225388,2495.022171644097
u,фура,2,6,0.08888888888888699,88.2088888888889,430.2811653279818,588.5684784777166,2464.242025054869
u,фура,2,7,0.1066666666666644,88.22666666666667,428.32878481752374,1749.3931353358555,2857.8675478104005
u,фура,2,8,0.1244444444444418,88.24444444444444,420.3264282781624,853.4894240922074,2544.811844595781
u,фура,2,9,0.1422222222222192,88.26222222222222,426.7770025436727,983.2220772871655,2565.8249452697996
u,фура,2,10,0.1599999999999966,88.28,419.7926224176259,1175.8982367279007,2376.113072263898
u,фура,3,1,0,89.46,436.1855896203467,1342.7605449782802,2466.7195633693573
u,фура,3,2,0.014692535807640184,89.47469253580763,384.4623190462071,1446.3417698733022,2978.951921339595
u,фура,3,3,0.029385071615280367,89.48938507161527,370.5725991067296,749.135672497092,2669.7864003213126
u,фура,3,4,0.04407760742292055,89.50407760742291,435.27226348596946,559.0594460504832,2527.124166235119
u,фура,3,5,0.058770143230560734,89.51877014323055,443.2189491028446,1830.0359923121378,3146.175491187672
u,фура,3,6,0.07346267903820092,89.5334626790382,433.1371403925638,1966.198826644655,2730.8846952369317
u,фура,3,7,0.0881552148458411,89.54815521484583,418.57528685761685,784.6643981181065,2208.2618422184305
u,фура,3,8,0.10284775065348128,89.56284775065348,421.6846630086716,860.7273175599943,2434.81644925769
u,фура,3,9,0.11754028646112147,89.57754028646112,427.6811594100036,1015.4665723751066,2522.0912687702003
u,фура,3,10,0.13223282226876165,89.59223282226876,434.2929393512471,1125.2558374998684,2559.5072949481773
u,муха,1,1,0,91.4,243.31835049154583,1078.0225091199497,2554.726192456478
u,муха,1,2,0.0099999999999988,91.41000000000001,290.6953110596787,1684.282308806536,2836.025748159441
u,муха,1,3,0.0199999999999976,91.42,336.6778337661499,1257.2001732702442,2823.7688228478787
u,муха,1,4,0.029999999999996398,91.43,385.730038528567,1256.0772449563435,2652.0110014731226
u,муха,1,5,0.0399999999999952,91.44,443.1667165827993,2464.897899072444,3458.939018004288
u,муха,1,6,0.049999999999994,91.45,220.2812356436433,451.8929485205846,2511.565955836536
u,муха,1,7,0.059999999999992795,91.46,249.14651381420273,447.38805249630406,2530.2864956071035
u,муха,1,8,0.0699999999999916,91.47,219.43475773307037,441.42580007587554,2550.395143260902
u,муха,1,9,0.0799999999999904,91.47999999999999,391.9943609981378,427.04905338747494,2585.89129821446
u,муха,1,10,0.0899999999999892,91.49,347.37163697396915,619.0129907294834,2564.6809992549433
u,муха,2,1,0,92.78,225.7706705683527,1243.0935905032482,2498.3548731097217
u,муха,2,2,0.012222222222222159,92.79222222222222,249.2762610939428,1367.2462568501799,2467.735891500888
u,муха,2,3,0.024444444444444317,92.80444444444444,316.30844470886814,730.5018967847839,2616.4874915069827
u,муха,2,4,0.03666666666666647,92.81666666666666,314.49305638858834,414.12941026236723,2499.6043663853807
u,муха,2,5,0.048888888888888635,92.82888888888888,258.3863641578652,830.0897481778103,2720.1885000177363
u,муха,2,6,0.0611111111111108,92.84111111111112,430.6454526408257,2696.401412185949,2828.1136624221585
u,муха,2,7,0.07333333333333295,92.85333333333334,426.9947477852618,2680.1870733954825,2922.0241977468336
u,муха,2,8,0.08555555555555511,92.86555555555556,347.5734554851181,415.62017503786507,2671.546848300597
u,муха,2,9,0.09777777777777727,92.87777777777778,346.7645785000832,596.9380271012532,2698.2577182876958
u,муха,2,10,0.10999999999999943,92.89,265.8562402036628,847.2330271729955,2688.3850432768495
u,муха,3,1,0,94.27325706991746,361.96457972565855,793.6443399803139,2478.656366079951
u,муха,3,2,0.008526992231392368,94.28178406214886,355.81158204804325,785.4865923454734,2489.7845778389465
u,муха,3,3,0.017053984462784735,94.29031105438025,339.38623523480675,818.4763944668006,2519.003250108
u,муха,3,4,0.025580976694177103,94.29883804661164,323.5482226340343,836.6660564066452,2532.835063910532
u,муха,3,5,0.03410796892556947,94.30736503884303,302.06644906160557,850.3059879198289,2591.4773673994505
u,муха,3,6,0.04263496115696184,94.31589203107443,278.2643803976149,858.1724144727325,2646.9351825943672
u,муха,3,7,0.051161953388354206,94.32441902330582,255.0115594689311,885.3456332987361,2634.2821938429856
u,муха,3,8,0.059688945619746574,94.3329460155372,225.4698428028209,918.0447931325214,2533.398517027645
u,муха,3,9,0.06821593785113894,94.3414730077686,174.87558579355496,905.5684129390983,2525.519430795411
u,муха,3,10,0.0767429300825313,94.35,493.57994311157285,1771.0916555764666,3077.0095365944107
i,бить,1,1,0,96.07378999031879,373.39482361911826,2279.5269817043327,3208.8858031305185
i,бить,1,2,0.009578889964578884,96.08336888028336,364.78030261465926,2330.6411898843644,3222.263216905578
i,бить,1,3,0.019157779929157768,96.09294777024795,358.55584644708495,2339.0690543235164,3276.054679327319
i,бить,1,4,0.028736669893736654,96.10252666021252,366.12328827393134,2354.357236594863,3321.557139286748
i,бить,1,5,0.038315559858315536,96.1121055501771,369.60325253282065,2355.3046329579097,3359.261461801331
i,бить,1,6,0.04789444982289442,96.12168444014168,362.8890994719089,2351.8085665270905,3385.1261246818126
i,бить,1,7,0.05747333978747331,96.13126333010626,357.15433694695366,2364.7157247080386,3421.813121973853
i,бить,1,8,0.06705222975205219,96.14084222007084,346.4330600902222,2222.701942107083,3442.5055801856843
i,бить,1,9,0.07663111971663107,96.15042111003542,297.73498634861596,2210.9807437712666,3207.7795138490114
i,бить,1,10,0.08621000968120995,96.16,207.99831217848293,1477.4267774684422,2407.9973981320486
i,бить,2,1,0,97.44,377.7040952318966,2252.739867834296,3048.335210157591
i,бить,2,2,0.0066666666666669195,97.44666666666666,378.4403459320817,2257.779829286576,3043.159200601501
i,бить,2,3,0.013333333333333839,97.45333333333333,374.65850338808104,2261.8369757471214,3059.8797845504505
i,бить,2,4,0.02000000000000076,97.46,366.8033385188003,2308.715867320524,3074.062973920306
i,бить,2,5,0.026666666666667678,97.46666666666667,367.85786622247116,2311.2080319156753,3113.67464909211
i,бить,2,6,0.033333333333334596,97.47333333333333,367.3364483809349,2292.3406622517937,3113.878443442622
i,бить,2,7,0.04000000000000152,97.48,363.3249154402179,2293.165367149806,3096.570178525959
i,бить,2,8,0.04666666666666844,97.48666666666666,360.10118311756446,2237.506772416797,3064.9422720042326
i,бить,2,9,0.053333333333335356,97.49333333333334,349.6791145734339,2244.89246389679,3047.739860765369
i,бить,2,10,0.060000000000002274,97.5,296.3084623478435,2264.377062292868,3026.6575334462004
i,бить,3,1,0,98.91,291.3595029545414,2324.151244935353,3097.374280150726
i,бить,3,2,0.011111111111112059,98.9211111111111,338.74878447046956,2211.0781288546864,3119.092230692383
i,бить,3,3,0.022222222222224117,98.93222222222222,342.61029695886776,2210.9105024153023,3254.9794311831147
i,бить,3,4,0.03333333333333618,98.94333333333333,348.43998505895274,2250.06977746834,3302.950314216806
i,бить,3,5,0.044444444444448235,98.95444444444445,340.62951224932044,2238.20319022927,3250.807807072251
i,бить,3,6,0.05555555555556029,98.96555555555555,290.51656682879883,2242.519889722408,3267.7942329683347
i,бить,3,7,0.06666666666667236,98.97666666666667,261.097629618741,2226.5288571207843,3229.5756835890456
i,бить,3,8,0.07777777777778441,98.98777777777778,238.76490200195147,2231.4381253966535,3274.2283801443355
i,бить,3,9,0.08888888888889647,98.9988888888889,234.59772357066382,2259.554791699135,3263.509524315768
i,бить,3,10,0.10000000000000853,99.01,219.08559752528348,1782.2703377298099,2346.0511088624935
e,лес,1,1,0,101.54,392.2733022779221,2082.6659377170377,2803.562062039848
e,лес,1,2,0.01555555555555562,101.55555555555556,409.3303106876,2108.7645262251294,2781.7015106101835
e,лес,1,3,0.03111111111111124,101.57111111111112,401.71204627369684,2155.5598177997613,2887.1904268889894
e,лес,1,4,0.046666666666666856,101.58666666666667,402.5490661100854,2078.985922503862,2597.0409151903946
e,лес,1,5,0.06222222222222248,101.60222222222222,419.2812986493262,2057.231236804865,2558.1377637378255
e,лес,1,6,0.0777777777777781,101.61777777777779,477.6594086272458,1990.129029023208,2758.7983326501603
e,лес,1,7,0.09333333333333371,101.63333333333334,543.4993702741177,1948.935139158165,2674.967944574685
e,лес,1,8,0.10888888888888934,101.64888888888889,578.0692717335338,1796.3070008476816,2681.1829176599554
e,лес,1,9,0.12444444444444495,101.66444444444446,542.371165551908,1764.9607794924061,2667.6787843255424
e,лес,1,10,0.14000000000000057,101.68,434.66063535201926,1688.568096345503,2702.3634402280923
e,лес,2,1,0,102.87,419.5204612702284,2174.399848037189,2878.1940514489434
e,лес,2,2,0.014379866442619496,102.88437986644263,418.56282112244054,2259.2029718785643,2910.4098334145897
e,лес,2,3,0.028759732885238993,102.89875973288524,417.01154020827363,2264.4929354166907,2943.928071090405
e,лес,2,4,0.04313959932785849,102.91313959932786,409.98380310624196,2264.096294590389,2852.7690015496623
e,лес,2,5,0.057519465770477986,102.92751946577049,401.54607173291225,2282.7302719962413,2863.548451399308
e,лес,2,6,0.07189933221309748,102.9418993322131,408.66613015931034,2168.1585848540767,2772.113931448378
e,лес,2,7,0.08627919865571698,102.95627919865572,440.310644325875,2022.2056882654206,2739.064659660324
e,лес,2,8,0.10065906509833647,102.97065906509835,494.73265485951157,1955.154316425978,2767.546476992233
e,лес,2,9,0.11503893154095597,102.98503893154096,553.6893513105297,1843.0184318649547,2715.3454636859524
e,лес,2,10,0.12941879798357547,102.99941879798358,555.7154752411775,1827.4923860188703,2743.3108580567605
e,лес,3,1,0,104.19,420.8052502592349,2130.212442701988,2992.2266919150056
e,лес,3,2,0.02111111111111086,104.21111111111111,425.15504275611687,2191.9040657444534,3001.7913093009215
e,лес,3,3,0.04222222222222172,104.23222222222222,419.8167906452497,2278.001108412136,3134.951257387307
e,лес,3,4,0.06333333333333258,104.25333333333333,412.23869672754796,2300.9040259603753,3049.0893373934173
e,лес,3,5,0.08444444444444343,104.27444444444444,400.07327556991976,2352.2737839494757,2908.9584531558753
e,лес,3,6,0.10555555555555429,104.29555555555555,392.6454051266891,2314.0073685938,2999.5582052494005
e,лес,3,7,0.12666666666666515,104.31666666666666,398.0904042330263,2157.9506566143828,2900.513072124796
e,лес,3,8,0.147777777777776,104.33777777777777,441.77396491270196,2014.2692060135614,2790.1127659096164
e,лес,3,9,0.16888888888888687,104.35888888888888,440.3781929787405,1864.2904892998017,2771.436685502989
e,лес,3,10,0.18999999999999773,104.38,310.7788745949557,1784.9731396715654,2792.7298774253873
i,фирма,1,1,0,106.6,317.74755041535155,2149.3038257634084,3060.019753580997
i,фирма,1,2,0.013333333333333839,106.61333333333333,330.19359151225564,2276.765697406235,3201.302863313573
i,фирма,1,3,0.026666666666667678,106.62666666666667,324.92453339615463,2285.9289683033994,3190.3950331854653
i,фирма,1,4,0.04000000000000152,106.64,346.9159260396689,2340.6490408514724,3099.7032192290244
i,фирма,1,5,0.053333333333335356,106.65333333333334,340.64172467347504,2365.768729034079,3087.017358266571
i,фирма,1,6,0.06666666666666919,106.66666666666666,331.2151194600465,2344.5214201665326,2957.6202928536823
i,фирма,1,7,0.08000000000000304,106.67999999999999,350.2180146642427,2273.9737157911622,2902.3343635501346
i,фирма,1,8,0.09333333333333688,106.69333333333333,414.43448835939046,2195.3949119714866,2846.787529372991
i,фирма,1,9,0.10666666666667071,106.70666666666666,451.42166585481,2026.3893257786526,2750.0120809196824
i,фирма,1,10,0.12000000000000455,106.72,405.9630045475056,1795.2003822635293,2798.3199104452024
i,фирма,2,1,0,107.88,311.03987690569153,2198.253075569523,2783.7131271010303
i,фирма,2,2,0.012222222222222159,107.89222222222222,351.83267703373895,2288.534007881459,2912.7746105928677
i,фирма,2,3,0.024444444444444317,107.90444444444444,367.4325055539604,2343.1672711941355,2900.3092199006596
i,фирма,2,4,0.03666666666666647,107.91666666666666,376.79796453051887,2328.194452820124,2882.103885180345
i,фирма,2,5,0.048888888888888635,107.92888888888888,388.8039150269836,2315.8256395096178,2834.1805457880414
i,фирма,2,6,0.0611111111111108,107.94111111111111,414.1811210601026,2270.2664043596383,2847.098084607431
i,фирма,2,7,0.07333333333333295,107.95333333333333,450.3144417731625,2137.468689891812,2704.2978610518167
i,фирма,2,8,0.08555555555555511,107.96555555555555,470.3578200838527,2131.4142037104652,2662.7237893754805
i,фирма,2,9,0.09777777777777727,107.97777777777777,466.28502015697177,1973.7123487176748,2628.6624225645583
i,фирма,2,10,0.10999999999999943,107.99,416.071783969949,1736.0182292302593,2650.6618395324317
i,фирма,3,1,0,109.21,317.88181487095034,2053.652403960514,2463.0057355867293
i,фирма,3,2,0.013333333333333839,109.22333333333333,319.4121962169104,2267.400964097618,2616.3523817709724
i,фирма,3,3,0.026666666666667678,109.23666666666666,335.75052834704957,2240.6474487171254,2779.547967299609
i,фирма,3,4,0.04000000000000152,109.25,361.49453224724937,2215.4983021220664,2792.3745820679546
i,фирма,3,5,0.053333333333335356,109.26333333333334,401.1716799977389,2215.673798412796,2797.059117272439
i,фирма,3,6,0.06666666666666919,109.27666666666666,437.23584691798504,2205.6947930176852,2802.2634310528047
i,фирма,3,7,0.08000000000000304,109.28999999999999,465.25505050647905,2131.541770621952,2768.643497180808
i,фирма,3,8,0.09333333333333688,109.30333333333333,477.44238868020875,1990.035288792578,2643.7242817206675
i,фирма,3,9,0.10666666666667071,109.31666666666666,462.92104582128655,1852.66321109885,2595.4560828791077
i,фирма,3,10,0.12000000000000455,109.33,421.2276286426092,1706.9029618004545,2498.34289844934
ɵ,нёс,1,1,0,110.85,402.12762092963453,1854.0811107524257,2522.67842402881
ɵ,нёс,1,2,0.017777777777778978,110.86777777777777,441.0627103119083,1483.9486204541151,2536.1445360600105
ɵ,нёс,1,3,0.035555555555557956,110.88555555555556,491.86225925936884,1297.8534494711985,2502.609670115433
ɵ,нёс,1,4,0.05333333333333694,110.90333333333334,493.6758100142818,1106.8126759701531,2507.0539458694075
ɵ,нёс,1,5,0.07111111111111591,110.92111111111112,483.34370239802513,1048.9148266098807,2493.201663155672
ɵ,нёс,1,6,0.08888888888889489,110.93888888888888,521.7531547009813,1080.5932220057155,2482.2490106949863
ɵ,нёс,1,7,0.10666666666667388,110.95666666666666,545.3521571827024,1103.8518043278473,2474.650444930818
ɵ,нёс,1,8,0.12444444444445285,110.97444444444444,585.5001561966967,1299.5983975019553,2501.124400745913
ɵ,нёс,1,9,0.14222222222223183,110.99222222222222,633.438578531309,1421.7511432385752,2612.366146008223
ɵ,нёс,1,10,0.1600000000000108,111.01,238.5442240238622,1576.058364111963,2645.496337454251
ɵ,нёс,2,1,0,112.26,359.4579973887122,2280.8446871366623,2956.4199803627343
ɵ,нёс,2,2,0.024444444444444317,112.28444444444445,389.27801750395406,1268.987402124993,2497.6052127917815
ɵ,нёс,2,3,0.048888888888888635,112.30888888888889,423.42823841972694,1004.610075259256,2512.3814735342867
ɵ,нёс,2,4,0.07333333333333295,112.33333333333334,427.8230472313758,947.0818799670784,2499.6838961164535
ɵ,нёс,2,5,0.09777777777777727,112.35777777777778,431.37317879001745,888.1741556907551,2552.0357378549534
ɵ,нёс,2,6,0.1222222222222216,112.38222222222223,453.5994658734897,984.9842961929157,2461.5218399294445
ɵ,нёс,2,7,0.1466666666666659,112.40666666666667,495.24115225759203,1031.575908270273,2442.6242723226637
ɵ,нёс,2,8,0.17111111111111021,112.43111111111112,576.0367414813361,1314.4382783916487,2535.157314150332
ɵ,нёс,2,9,0.19555555555555454,112.45555555555556,527.4623463178186,1505.2532189300791,2623.7126050477136
ɵ,нёс,2,10,0.21999999999999886,112.48,244.38779666970893,1618.1834631572356,2642.5663411945925
ɵ,нёс,3,1,0,113.69,360.84409749298777,2135.7833441637117,2619.1129995133783
ɵ,нёс,3,2,0.02097069796375845,113.71097069796376,449.5554933501104,1595.6335390656454,2547.8203776282935
ɵ,нёс,3,3,0.0419413959275169,113.73194139592752,431.70937133488815,1069.7410946290852,2546.0767658602003
ɵ,нёс,3,4,0.06291209389127536,113.75291209389127,435.86549366231986,1028.0658210721535,2563.7608735382073
ɵ,нёс,3,5,0.0838827918550338,113.77388279185503,453.2296918871429,976.5267690472051,2538.2214921913564
ɵ,нёс,3,6,0.10485348981879225,113.79485348981879,470.2026763854694,990.1060696336949,2402.418544117428
ɵ,нёс,3,7,0.12582418778255072,113.81582418778255,531.1129503745822,1033.6548638456752,2492.588814711963
ɵ,нёс,3,8,0.14679488574630917,113.8367948857463,593.52985167975,1160.370042700595,2512.2934537082433
ɵ,нёс,3,9,0.1677655837100676,113.85776558371006,667.967047123153,1400.8653387924605,2550.577093268274
ɵ,нёс,3,10,0.18873628167382606,113.87873628167382,692.2792474798493,1459.4781614141145,2573.649192609555
o,фон,1,1,0,115.18,385.1756788104306,835.9213432937092,2704.8449482266633
o,фон,1,2,0.01668907781190872,115.19668907781191,393.05293652843716,794.9322234074608,2721.074586996423
o,фон,1,3,0.03337815562381744,115.21337815562383,409.6244701492924,837.5043528343632,2633.861768170405
o,фон,1,4,0.050067233435726166,115.23006723343573,429.45403043699577,882.8191080861845,2827.1414016279496
o,фон,1,5,0.06675631124763488,115.24675631124764,437.3308710817768,892.9629458102727,2601.375761174987
o,фон,1,6,0.0834453890595436,115.26344538905956,447.6204729891781,901.0262989000228,2537.8470079803237
o,фон,1,7,0.10013446687145233,115.28013446687146,468.6266701832283,1021.7933285229543,2581.215218512134
o,фон,1,8,0.11682354468336105,115.29682354468336,455.2397469478696,1040.7708633553304,2556.413727737023
o,фон,1,9,0.13351262249526977,115.31351262249528,434.07576216676756,1082.0658052599576,2559.9586686507982
o,фон,1,10,0.1502017003071785,115.33020170030719,412.53609943682585,1144.81594314409,2501.519309844081
o,фон,2,1,0,116.65,405.02186179764,865.38934548779,2704.39470365678
o,фон,2,2,0.014441879655361985,116.66444187965537,401.09591298305725,828.5868635118288,2839.7441464623957
o,фон,2,3,0.02888375931072397,116.67888375931074,400.418109180548,804.005626531483,2905.2832390977037
o,фон,2,4,0.043325638966085954,116.69332563896609,397.6759762795405,780.325973731176,2801.1153945271703
o,фон,2,5,0.05776751862144794,116.70776751862145,395.4585687913188,768.6330587859926,2971.5592707404658
o,фон,2,6,0.07220939827680992,116.72220939827682,400.1249979703118,779.3923813306111,2910.4903196745345
o,фон,2,7,0.08665127793217191,116.73665127793218,411.2711392257346,864.714551347692,2569.483248489975
o,фон,2,8,0.1010931575875339,116.75109315758753,425.00098322824874,926.0609312773202,2553.631262955087
o,фон,2,9,0.11553503724289588,116.7655350372429,421.5038234513773,990.1294004712146,2527.9257211104464
o,фон,2,10,0.12997691689825785,116.77997691689826,393.96375594350644,1050.4374301624744,2530.8652910492387
o,фон,3,1,0,118.08,334.95405094742574,790.7170435623452,2407.255681187724
o,фон,3,2,0.009347054788905653,118.0893470547889,315.9872164425555,788.0162898206692,2609.6659057367883
o,фон,3,3,0.018694109577811306,118.0986941095778,302.1063838378689,787.6275147815415,2553.8498446505178
o,фон,3,4,0.02804116436671696,118.10804116436671,290.7728104396321,785.76487594279,2446.9667066025313
o,фон,3,5,0.03738821915562261,118.11738821915561,291.2445641399658,792.17509917161,2471.7705746218685
o,фон,3,6,0.04673527394452827,118.12673527394453,296.8776167664291,800.7536450312618,2430.4673563148244
o,фон,3,7,0.05608232873343392,118.13608232873344,297.838600290165,798.5976083617179,2375.6404432088293
o,фон,3,8,0.06542938352233957,118.14542938352234,314.82579290980726,866.761552491641,2361.2453118241965
o,фон,3,9,0.07477643831124522,118.15477643831125,346.7450399897559,899.7607090182233,2412.685276818772
o,фон,3,10,0.08412349310015088,118.16412349310015,379.92288766692167,884.7941945321751,2415.8550615626673
y,люк,1,1,0,119.47,408.11674571211915,1704.0861199324152,2483.3437116231567
y,люк,1,2,0.012222222222222159,119.48222222222222,411.2660955264726,1628.1027247858951,2509.232979327318
y,люк,1,3,0.024444444444444317,119.49444444444444,412.5666506735449,1642.1516224252434,2514.2361717843733
y,люк,1,4,0.03666666666666647,119.50666666666666,411.6264857330895,1568.0232625456447,2472.395724569548
y,люк,1,5,0.048888888888888635,119.51888888888888,409.289604704863,1318.2591907191636,2469.172927597577
y,люк,1,6,0.0611111111111108,119.53111111111112,396.06337046270625,788.3365129679854,2390.0281922034123
y,люк,1,7,0.07333333333333295,119.54333333333334,376.28410417900795,745.8806709046,2420.3975450812186
y,люк,1,8,0.08555555555555511,119.55555555555556,360.35297315750574,577.2646783494278,2291.8958519459857
y,люк,1,9,0.09777777777777727,119.56777777777778,331.8337397960086,2383.346530202708,3376.0247167779353
y,люк,1,10,0.10999999999999943,119.58,386.1932136674607,1893.378591127833,2698.119419284907
y,люк,2,1,0,120.75,383.7865265355004,1629.3612513504681,2257.4538235717623
y,люк,2,2,0.012222222222222159,120.76222222222222,389.77504767252117,1563.1603274999295,2293.8250931049724
y,люк,2,3,0.024444444444444317,120.77444444444444,392.3313235460722,1683.4266354987908,2530.452035398433
y,люк,2,4,0.03666666666666647,120.78666666666666,397.339172189712,1722.5653133656847,2537.0475250792774
y,люк,2,5,0.048888888888888635,120.79888888888888,390.2756814857458,1700.2002472937231,2875.7815545302437
y,люк,2,6,0.0611111111111108,120.81111111111112,397.2887751577572,1777.0196788720193,2414.034643147772
y,люк,2,7,0.07333333333333295,120.82333333333334,290.23659560151776,465.92044846786496,2366.3649029676653
y,люк,2,8,0.08555555555555511,120.83555555555556,344.4582175633628,781.144391339544,2512.0182535456674
y,люк,2,9,0.09777777777777727,120.84777777777778,287.4659731828869,979.4646515771876,2566.089554616426
y,люк,2,10,0.10999999999999943,120.86,291.7985278006175,1468.5462540795606,2637.0250375158007
y,люк,3,1,0,122.12,409.3239932646369,1888.721394209922,2620.0582307738614
y,люк,3,2,0.01111111111111048,122.13111111111111,412.7919272933707,1791.1914885686836,2543.137853158443
y,люк,3,3,0.02222222222222096,122.14222222222223,414.8294421476175,1666.974733538802,2470.2945247612697
y,люк,3,4,0.03333333333333144,122.15333333333334,407.57767280867625,1083.1856494480862,1957.0848820339652
y,люк,3,5,0.04444444444444192,122.16444444444444,403.65549874476943,1006.4453377879389,2243.237968131004
y,люк,3,6,0.0555555555555524,122.17555555555556,399.97370452098795,994.0834671400385,2593.2800555069507
y,люк,3,7,0.06666666666666288,122.18666666666667,391.96474402481743,876.3159610764274,2522.7042955957713
y,люк,3,8,0.07777777777777337,122.19777777777777,376.34123604773646,1130.87560623788,2740.2788377927436
y,люк,3,9,0.08888888888888384,122.2088888888889,330.0341541088738,642.5281916472667,2298.993735428602
y,люк,3,10,0.09999999999999432,122.22,370.04944276708545,2073.917225713197,3219.4705994198707
